--------------------------------------------------------
--  File created - Thursday-April-04-2019   
--------------------------------------------------------
--------------------------------------------------------
--  DDL for Table CUSTOMER
--------------------------------------------------------

  CREATE TABLE "EREPAIR"."CUSTOMER" 
   (	"CUSTOMER_IC" NUMBER, 
	"NAME" VARCHAR2(100 BYTE), 
	"PHONENUMBER" VARCHAR2(20 BYTE), 
	"EMAIL" VARCHAR2(100 BYTE), 
	"ADDRESS" VARCHAR2(100 BYTE)
   ) SEGMENT CREATION IMMEDIATE 
  PCTFREE 10 PCTUSED 40 INITRANS 1 MAXTRANS 255 NOCOMPRESS LOGGING
  STORAGE(INITIAL 65536 NEXT 1048576 MINEXTENTS 1 MAXEXTENTS 2147483645
  PCTINCREASE 0 FREELISTS 1 FREELIST GROUPS 1 BUFFER_POOL DEFAULT FLASH_CACHE DEFAULT CELL_FLASH_CACHE DEFAULT)
  TABLESPACE "SYSTEM" ;
--------------------------------------------------------
--  DDL for Table DEVICE
--------------------------------------------------------

  CREATE TABLE "EREPAIR"."DEVICE" 
   (	"DEVICE_ID" NUMBER(*,0), 
	"DEVICEBRAND" VARCHAR2(12 BYTE), 
	"DEVICEMODEL" VARCHAR2(12 BYTE), 
	"COLOR" VARCHAR2(10 BYTE)
   ) SEGMENT CREATION IMMEDIATE 
  PCTFREE 10 PCTUSED 40 INITRANS 1 MAXTRANS 255 NOCOMPRESS LOGGING
  STORAGE(INITIAL 65536 NEXT 1048576 MINEXTENTS 1 MAXEXTENTS 2147483645
  PCTINCREASE 0 FREELISTS 1 FREELIST GROUPS 1 BUFFER_POOL DEFAULT FLASH_CACHE DEFAULT CELL_FLASH_CACHE DEFAULT)
  TABLESPACE "SYSTEM" ;
--------------------------------------------------------
--  DDL for Table SERVICE
--------------------------------------------------------

  CREATE TABLE "EREPAIR"."SERVICE" 
   (	"SERVICE_ID" NUMBER, 
	"REPAIR_ID" NUMBER
   ) SEGMENT CREATION IMMEDIATE 
  PCTFREE 10 PCTUSED 40 INITRANS 1 MAXTRANS 255 NOCOMPRESS LOGGING
  STORAGE(INITIAL 65536 NEXT 1048576 MINEXTENTS 1 MAXEXTENTS 2147483645
  PCTINCREASE 0 FREELISTS 1 FREELIST GROUPS 1 BUFFER_POOL DEFAULT FLASH_CACHE DEFAULT CELL_FLASH_CACHE DEFAULT)
  TABLESPACE "SYSTEM" ;
--------------------------------------------------------
--  DDL for Table SERVICE_LIST
--------------------------------------------------------

  CREATE TABLE "EREPAIR"."SERVICE_LIST" 
   (	"SERVICE_ID" NUMBER, 
	"SERVICENAME" VARCHAR2(16 BYTE), 
	"SERVICEPRICE" NUMBER
   ) SEGMENT CREATION IMMEDIATE 
  PCTFREE 10 PCTUSED 40 INITRANS 1 MAXTRANS 255 NOCOMPRESS LOGGING
  STORAGE(INITIAL 65536 NEXT 1048576 MINEXTENTS 1 MAXEXTENTS 2147483645
  PCTINCREASE 0 FREELISTS 1 FREELIST GROUPS 1 BUFFER_POOL DEFAULT FLASH_CACHE DEFAULT CELL_FLASH_CACHE DEFAULT)
  TABLESPACE "SYSTEM" ;
--------------------------------------------------------
--  DDL for Table SERVICE_REPAIR
--------------------------------------------------------

  CREATE TABLE "EREPAIR"."SERVICE_REPAIR" 
   (	"REPAIR_ID" NUMBER, 
	"SERVICETYPE" VARCHAR2(50 BYTE), 
	"DATESUBMIT" VARCHAR2(50 BYTE), 
	"PROBLEMDETAILS" VARCHAR2(20 BYTE), 
	"CUSTOMER_IC" NUMBER, 
	"DEVICE_ID" NUMBER, 
	"REPAIR_PRICE" NUMBER, 
	"FRONTDESK_ID" NUMBER, 
	"TECH_ID" NUMBER
   ) SEGMENT CREATION IMMEDIATE 
  PCTFREE 10 PCTUSED 40 INITRANS 1 MAXTRANS 255 NOCOMPRESS LOGGING
  STORAGE(INITIAL 65536 NEXT 1048576 MINEXTENTS 1 MAXEXTENTS 2147483645
  PCTINCREASE 0 FREELISTS 1 FREELIST GROUPS 1 BUFFER_POOL DEFAULT FLASH_CACHE DEFAULT CELL_FLASH_CACHE DEFAULT)
  TABLESPACE "SYSTEM" ;
--------------------------------------------------------
--  DDL for Table SPAREPART_LIST
--------------------------------------------------------

  CREATE TABLE "EREPAIR"."SPAREPART_LIST" 
   (	"SPAREPART_ID" NUMBER, 
	"SPAREPARTNAME" VARCHAR2(20 BYTE), 
	"SPAREPARTPRICE" NUMBER, 
	"REPAIR_ID" NUMBER
   ) SEGMENT CREATION IMMEDIATE 
  PCTFREE 10 PCTUSED 40 INITRANS 1 MAXTRANS 255 NOCOMPRESS LOGGING
  STORAGE(INITIAL 65536 NEXT 1048576 MINEXTENTS 1 MAXEXTENTS 2147483645
  PCTINCREASE 0 FREELISTS 1 FREELIST GROUPS 1 BUFFER_POOL DEFAULT FLASH_CACHE DEFAULT CELL_FLASH_CACHE DEFAULT)
  TABLESPACE "SYSTEM" ;
--------------------------------------------------------
--  DDL for Table STAFF
--------------------------------------------------------

  CREATE TABLE "EREPAIR"."STAFF" 
   (	"STAFF_ID" NUMBER(*,0), 
	"STAFF_NAME" VARCHAR2(70 BYTE), 
	"PASSWORD" VARCHAR2(100 BYTE), 
	"ROLE" VARCHAR2(10 BYTE)
   ) SEGMENT CREATION IMMEDIATE 
  PCTFREE 10 PCTUSED 40 INITRANS 1 MAXTRANS 255 NOCOMPRESS LOGGING
  STORAGE(INITIAL 65536 NEXT 1048576 MINEXTENTS 1 MAXEXTENTS 2147483645
  PCTINCREASE 0 FREELISTS 1 FREELIST GROUPS 1 BUFFER_POOL DEFAULT FLASH_CACHE DEFAULT CELL_FLASH_CACHE DEFAULT)
  TABLESPACE "SYSTEM" ;
--------------------------------------------------------
--  DDL for Table STATUS
--------------------------------------------------------

  CREATE TABLE "EREPAIR"."STATUS" 
   (	"STATUS_ID" NUMBER, 
	"SERVICESTATUS" VARCHAR2(20 BYTE), 
	"LASTSTATUSUPDATE" VARCHAR2(50 BYTE), 
	"REPAIR_ID" NUMBER
   ) SEGMENT CREATION IMMEDIATE 
  PCTFREE 10 PCTUSED 40 INITRANS 1 MAXTRANS 255 NOCOMPRESS LOGGING
  STORAGE(INITIAL 65536 NEXT 1048576 MINEXTENTS 1 MAXEXTENTS 2147483645
  PCTINCREASE 0 FREELISTS 1 FREELIST GROUPS 1 BUFFER_POOL DEFAULT FLASH_CACHE DEFAULT CELL_FLASH_CACHE DEFAULT)
  TABLESPACE "SYSTEM" ;
REM INSERTING into EREPAIR.CUSTOMER
SET DEFINE OFF;
Insert into EREPAIR.CUSTOMER (CUSTOMER_IC,NAME,PHONENUMBER,EMAIL,ADDRESS) values (980101036894,'Amylin','0199113968','amylin@gmail.com','pasir mas');
Insert into EREPAIR.CUSTOMER (CUSTOMER_IC,NAME,PHONENUMBER,EMAIL,ADDRESS) values (971030039696,'Aina Sofiya','0105729901','ainasofiya@gmail.com','Salor, Pasir Mas');
Insert into EREPAIR.CUSTOMER (CUSTOMER_IC,NAME,PHONENUMBER,EMAIL,ADDRESS) values (12345,'Shahmi','0109194799','shahmi@gmail.com','Kota Bharu');
Insert into EREPAIR.CUSTOMER (CUSTOMER_IC,NAME,PHONENUMBER,EMAIL,ADDRESS) values (41841841,'Firdaus Bin Fauzi','109194799','firdausfauzi.f11@gmail.com','W1/213 JALAN PASIR PEKAN');
Insert into EREPAIR.CUSTOMER (CUSTOMER_IC,NAME,PHONENUMBER,EMAIL,ADDRESS) values (970910035745,'Firdaus Bin Fauzi','0109194799','firdausfauzi.f11@gmail.com','W1/213 JALAN PASIR PEKAN');
Insert into EREPAIR.CUSTOMER (CUSTOMER_IC,NAME,PHONENUMBER,EMAIL,ADDRESS) values (971019145464,'Aina Fatini','0143416866','ainafatini@gmail.com','Pasir mas');
REM INSERTING into EREPAIR.DEVICE
SET DEFINE OFF;
Insert into EREPAIR.DEVICE (DEVICE_ID,DEVICEBRAND,DEVICEMODEL,COLOR) values (102,'Huawei','Mate 20','Blue');
Insert into EREPAIR.DEVICE (DEVICE_ID,DEVICEBRAND,DEVICEMODEL,COLOR) values (103,'Nokia','7 plus','White');
Insert into EREPAIR.DEVICE (DEVICE_ID,DEVICEBRAND,DEVICEMODEL,COLOR) values (104,'Huawei','Mate 20','Red');
Insert into EREPAIR.DEVICE (DEVICE_ID,DEVICEBRAND,DEVICEMODEL,COLOR) values (105,'Huawei','Mate 20','White');
Insert into EREPAIR.DEVICE (DEVICE_ID,DEVICEBRAND,DEVICEMODEL,COLOR) values (106,'Samsung','Note 9','Red');
Insert into EREPAIR.DEVICE (DEVICE_ID,DEVICEBRAND,DEVICEMODEL,COLOR) values (107,'Apple','Iphone X','White');
Insert into EREPAIR.DEVICE (DEVICE_ID,DEVICEBRAND,DEVICEMODEL,COLOR) values (100,'Apple','Iphone 6','White');
Insert into EREPAIR.DEVICE (DEVICE_ID,DEVICEBRAND,DEVICEMODEL,COLOR) values (101,'Samsung','Note 9','Black');
Insert into EREPAIR.DEVICE (DEVICE_ID,DEVICEBRAND,DEVICEMODEL,COLOR) values (108,'Samsung','Note 9','Black');
REM INSERTING into EREPAIR.SERVICE
SET DEFINE OFF;
Insert into EREPAIR.SERVICE (SERVICE_ID,REPAIR_ID) values (800,208);
Insert into EREPAIR.SERVICE (SERVICE_ID,REPAIR_ID) values (800,209);
Insert into EREPAIR.SERVICE (SERVICE_ID,REPAIR_ID) values (800,202);
Insert into EREPAIR.SERVICE (SERVICE_ID,REPAIR_ID) values (802,202);
REM INSERTING into EREPAIR.SERVICE_LIST
SET DEFINE OFF;
Insert into EREPAIR.SERVICE_LIST (SERVICE_ID,SERVICENAME,SERVICEPRICE) values (800,'format',30);
Insert into EREPAIR.SERVICE_LIST (SERVICE_ID,SERVICENAME,SERVICEPRICE) values (801,'installsoftware',30);
Insert into EREPAIR.SERVICE_LIST (SERVICE_ID,SERVICENAME,SERVICEPRICE) values (802,'repair',50);
REM INSERTING into EREPAIR.SERVICE_REPAIR
SET DEFINE OFF;
Insert into EREPAIR.SERVICE_REPAIR (REPAIR_ID,SERVICETYPE,DATESUBMIT,PROBLEMDETAILS,CUSTOMER_IC,DEVICE_ID,REPAIR_PRICE,FRONTDESK_ID,TECH_ID) values (202,'format,repair,','2019-01-18','Battery Damaged',970910035745,100,155,5001,6001);
Insert into EREPAIR.SERVICE_REPAIR (REPAIR_ID,SERVICETYPE,DATESUBMIT,PROBLEMDETAILS,CUSTOMER_IC,DEVICE_ID,REPAIR_PRICE,FRONTDESK_ID,TECH_ID) values (203,'format,','2019-01-11','Format',970910035745,103,30,5001,6001);
Insert into EREPAIR.SERVICE_REPAIR (REPAIR_ID,SERVICETYPE,DATESUBMIT,PROBLEMDETAILS,CUSTOMER_IC,DEVICE_ID,REPAIR_PRICE,FRONTDESK_ID,TECH_ID) values (204,'installsoftware,','2019-01-18','-',980101036894,105,30,5001,6001);
Insert into EREPAIR.SERVICE_REPAIR (REPAIR_ID,SERVICETYPE,DATESUBMIT,PROBLEMDETAILS,CUSTOMER_IC,DEVICE_ID,REPAIR_PRICE,FRONTDESK_ID,TECH_ID) values (205,'installsoftware,','2019-01-18','Add  Apps',971030039696,106,30,5001,6001);
Insert into EREPAIR.SERVICE_REPAIR (REPAIR_ID,SERVICETYPE,DATESUBMIT,PROBLEMDETAILS,CUSTOMER_IC,DEVICE_ID,REPAIR_PRICE,FRONTDESK_ID,TECH_ID) values (206,'format,repair,','2019-01-18','Battery Damaged',12345,107,155,5001,6001);
Insert into EREPAIR.SERVICE_REPAIR (REPAIR_ID,SERVICETYPE,DATESUBMIT,PROBLEMDETAILS,CUSTOMER_IC,DEVICE_ID,REPAIR_PRICE,FRONTDESK_ID,TECH_ID) values (207,'format,','2019-01-18','Format',12345,108,30,5001,6001);
Insert into EREPAIR.SERVICE_REPAIR (REPAIR_ID,SERVICETYPE,DATESUBMIT,PROBLEMDETAILS,CUSTOMER_IC,DEVICE_ID,REPAIR_PRICE,FRONTDESK_ID,TECH_ID) values (208,'format,','2019-01-18','Format',12345,107,30,5001,6001);
Insert into EREPAIR.SERVICE_REPAIR (REPAIR_ID,SERVICETYPE,DATESUBMIT,PROBLEMDETAILS,CUSTOMER_IC,DEVICE_ID,REPAIR_PRICE,FRONTDESK_ID,TECH_ID) values (209,'format,','2019-03-18','Screen Damaged',12345,107,100,5001,6001);
Insert into EREPAIR.SERVICE_REPAIR (REPAIR_ID,SERVICETYPE,DATESUBMIT,PROBLEMDETAILS,CUSTOMER_IC,DEVICE_ID,REPAIR_PRICE,FRONTDESK_ID,TECH_ID) values (200,'format,','2019-01-04','Format',970910035745,100,30,5001,6001);
Insert into EREPAIR.SERVICE_REPAIR (REPAIR_ID,SERVICETYPE,DATESUBMIT,PROBLEMDETAILS,CUSTOMER_IC,DEVICE_ID,REPAIR_PRICE,FRONTDESK_ID,TECH_ID) values (201,'installsoftware,repair,','2019-01-05','Screen Damaged',971019145464,101,150,5001,6001);
REM INSERTING into EREPAIR.SPAREPART_LIST
SET DEFINE OFF;
Insert into EREPAIR.SPAREPART_LIST (SPAREPART_ID,SPAREPARTNAME,SPAREPARTPRICE,REPAIR_ID) values (903,'battery',75,202);
Insert into EREPAIR.SPAREPART_LIST (SPAREPART_ID,SPAREPARTNAME,SPAREPARTPRICE,REPAIR_ID) values (904,'screen',70,201);
Insert into EREPAIR.SPAREPART_LIST (SPAREPART_ID,SPAREPARTNAME,SPAREPARTPRICE,REPAIR_ID) values (905,'homebutton',60,null);
Insert into EREPAIR.SPAREPART_LIST (SPAREPART_ID,SPAREPARTNAME,SPAREPARTPRICE,REPAIR_ID) values (907,'battery',75,206);
Insert into EREPAIR.SPAREPART_LIST (SPAREPART_ID,SPAREPARTNAME,SPAREPARTPRICE,REPAIR_ID) values (908,'screen',70,209);
Insert into EREPAIR.SPAREPART_LIST (SPAREPART_ID,SPAREPARTNAME,SPAREPARTPRICE,REPAIR_ID) values (909,'homebutton',60,null);
Insert into EREPAIR.SPAREPART_LIST (SPAREPART_ID,SPAREPARTNAME,SPAREPARTPRICE,REPAIR_ID) values (911,'battery',75,null);
Insert into EREPAIR.SPAREPART_LIST (SPAREPART_ID,SPAREPARTNAME,SPAREPARTPRICE,REPAIR_ID) values (912,'screen',70,null);
Insert into EREPAIR.SPAREPART_LIST (SPAREPART_ID,SPAREPARTNAME,SPAREPARTPRICE,REPAIR_ID) values (913,'homebutton',60,null);
Insert into EREPAIR.SPAREPART_LIST (SPAREPART_ID,SPAREPARTNAME,SPAREPARTPRICE,REPAIR_ID) values (914,'chargingport',70,null);
Insert into EREPAIR.SPAREPART_LIST (SPAREPART_ID,SPAREPARTNAME,SPAREPARTPRICE,REPAIR_ID) values (915,'battery',75,null);
Insert into EREPAIR.SPAREPART_LIST (SPAREPART_ID,SPAREPARTNAME,SPAREPARTPRICE,REPAIR_ID) values (916,'screen',70,null);
Insert into EREPAIR.SPAREPART_LIST (SPAREPART_ID,SPAREPARTNAME,SPAREPARTPRICE,REPAIR_ID) values (917,'homebutton',60,null);
Insert into EREPAIR.SPAREPART_LIST (SPAREPART_ID,SPAREPARTNAME,SPAREPARTPRICE,REPAIR_ID) values (918,'chargingport',70,null);
Insert into EREPAIR.SPAREPART_LIST (SPAREPART_ID,SPAREPARTNAME,SPAREPARTPRICE,REPAIR_ID) values (919,'battery',75,null);
Insert into EREPAIR.SPAREPART_LIST (SPAREPART_ID,SPAREPARTNAME,SPAREPARTPRICE,REPAIR_ID) values (920,'screen',70,null);
Insert into EREPAIR.SPAREPART_LIST (SPAREPART_ID,SPAREPARTNAME,SPAREPARTPRICE,REPAIR_ID) values (921,'homebutton',60,null);
Insert into EREPAIR.SPAREPART_LIST (SPAREPART_ID,SPAREPARTNAME,SPAREPARTPRICE,REPAIR_ID) values (922,'chargingport',70,null);
Insert into EREPAIR.SPAREPART_LIST (SPAREPART_ID,SPAREPARTNAME,SPAREPARTPRICE,REPAIR_ID) values (923,'battery',75,null);
Insert into EREPAIR.SPAREPART_LIST (SPAREPART_ID,SPAREPARTNAME,SPAREPARTPRICE,REPAIR_ID) values (924,'screen',70,null);
Insert into EREPAIR.SPAREPART_LIST (SPAREPART_ID,SPAREPARTNAME,SPAREPARTPRICE,REPAIR_ID) values (925,'homebutton',60,null);
Insert into EREPAIR.SPAREPART_LIST (SPAREPART_ID,SPAREPARTNAME,SPAREPARTPRICE,REPAIR_ID) values (926,'chargingport',70,null);
Insert into EREPAIR.SPAREPART_LIST (SPAREPART_ID,SPAREPARTNAME,SPAREPARTPRICE,REPAIR_ID) values (927,'battery',75,null);
Insert into EREPAIR.SPAREPART_LIST (SPAREPART_ID,SPAREPARTNAME,SPAREPARTPRICE,REPAIR_ID) values (928,'screen',70,null);
Insert into EREPAIR.SPAREPART_LIST (SPAREPART_ID,SPAREPARTNAME,SPAREPARTPRICE,REPAIR_ID) values (929,'homebutton',60,null);
Insert into EREPAIR.SPAREPART_LIST (SPAREPART_ID,SPAREPARTNAME,SPAREPARTPRICE,REPAIR_ID) values (930,'chargingport',70,null);
Insert into EREPAIR.SPAREPART_LIST (SPAREPART_ID,SPAREPARTNAME,SPAREPARTPRICE,REPAIR_ID) values (931,'battery',75,null);
Insert into EREPAIR.SPAREPART_LIST (SPAREPART_ID,SPAREPARTNAME,SPAREPARTPRICE,REPAIR_ID) values (932,'screen',70,null);
Insert into EREPAIR.SPAREPART_LIST (SPAREPART_ID,SPAREPARTNAME,SPAREPARTPRICE,REPAIR_ID) values (933,'homebutton',60,null);
Insert into EREPAIR.SPAREPART_LIST (SPAREPART_ID,SPAREPARTNAME,SPAREPARTPRICE,REPAIR_ID) values (934,'chargingport',70,null);
Insert into EREPAIR.SPAREPART_LIST (SPAREPART_ID,SPAREPARTNAME,SPAREPARTPRICE,REPAIR_ID) values (935,'battery',75,null);
Insert into EREPAIR.SPAREPART_LIST (SPAREPART_ID,SPAREPARTNAME,SPAREPARTPRICE,REPAIR_ID) values (936,'screen',70,null);
Insert into EREPAIR.SPAREPART_LIST (SPAREPART_ID,SPAREPARTNAME,SPAREPARTPRICE,REPAIR_ID) values (937,'homebutton',60,null);
Insert into EREPAIR.SPAREPART_LIST (SPAREPART_ID,SPAREPARTNAME,SPAREPARTPRICE,REPAIR_ID) values (938,'chargingport',70,null);
Insert into EREPAIR.SPAREPART_LIST (SPAREPART_ID,SPAREPARTNAME,SPAREPARTPRICE,REPAIR_ID) values (939,'battery',75,null);
Insert into EREPAIR.SPAREPART_LIST (SPAREPART_ID,SPAREPARTNAME,SPAREPARTPRICE,REPAIR_ID) values (940,'screen',70,null);
Insert into EREPAIR.SPAREPART_LIST (SPAREPART_ID,SPAREPARTNAME,SPAREPARTPRICE,REPAIR_ID) values (941,'homebutton',60,null);
Insert into EREPAIR.SPAREPART_LIST (SPAREPART_ID,SPAREPARTNAME,SPAREPARTPRICE,REPAIR_ID) values (942,'chargingport',70,null);
Insert into EREPAIR.SPAREPART_LIST (SPAREPART_ID,SPAREPARTNAME,SPAREPARTPRICE,REPAIR_ID) values (943,'battery',75,null);
Insert into EREPAIR.SPAREPART_LIST (SPAREPART_ID,SPAREPARTNAME,SPAREPARTPRICE,REPAIR_ID) values (944,'screen',70,null);
Insert into EREPAIR.SPAREPART_LIST (SPAREPART_ID,SPAREPARTNAME,SPAREPARTPRICE,REPAIR_ID) values (945,'homebutton',60,null);
Insert into EREPAIR.SPAREPART_LIST (SPAREPART_ID,SPAREPARTNAME,SPAREPARTPRICE,REPAIR_ID) values (946,'chargingport',70,null);
Insert into EREPAIR.SPAREPART_LIST (SPAREPART_ID,SPAREPARTNAME,SPAREPARTPRICE,REPAIR_ID) values (947,'battery',75,null);
Insert into EREPAIR.SPAREPART_LIST (SPAREPART_ID,SPAREPARTNAME,SPAREPARTPRICE,REPAIR_ID) values (948,'screen',70,null);
Insert into EREPAIR.SPAREPART_LIST (SPAREPART_ID,SPAREPARTNAME,SPAREPARTPRICE,REPAIR_ID) values (949,'homebutton',60,null);
Insert into EREPAIR.SPAREPART_LIST (SPAREPART_ID,SPAREPARTNAME,SPAREPARTPRICE,REPAIR_ID) values (950,'chargingport',70,null);
Insert into EREPAIR.SPAREPART_LIST (SPAREPART_ID,SPAREPARTNAME,SPAREPARTPRICE,REPAIR_ID) values (951,'battery',75,null);
Insert into EREPAIR.SPAREPART_LIST (SPAREPART_ID,SPAREPARTNAME,SPAREPARTPRICE,REPAIR_ID) values (952,'screen',70,null);
Insert into EREPAIR.SPAREPART_LIST (SPAREPART_ID,SPAREPARTNAME,SPAREPARTPRICE,REPAIR_ID) values (953,'homebutton',60,null);
Insert into EREPAIR.SPAREPART_LIST (SPAREPART_ID,SPAREPARTNAME,SPAREPARTPRICE,REPAIR_ID) values (954,'chargingport',70,null);
Insert into EREPAIR.SPAREPART_LIST (SPAREPART_ID,SPAREPARTNAME,SPAREPARTPRICE,REPAIR_ID) values (955,'battery',75,null);
Insert into EREPAIR.SPAREPART_LIST (SPAREPART_ID,SPAREPARTNAME,SPAREPARTPRICE,REPAIR_ID) values (956,'screen',70,null);
Insert into EREPAIR.SPAREPART_LIST (SPAREPART_ID,SPAREPARTNAME,SPAREPARTPRICE,REPAIR_ID) values (957,'homebutton',60,null);
Insert into EREPAIR.SPAREPART_LIST (SPAREPART_ID,SPAREPARTNAME,SPAREPARTPRICE,REPAIR_ID) values (958,'chargingport',70,null);
Insert into EREPAIR.SPAREPART_LIST (SPAREPART_ID,SPAREPARTNAME,SPAREPARTPRICE,REPAIR_ID) values (959,'battery',75,null);
Insert into EREPAIR.SPAREPART_LIST (SPAREPART_ID,SPAREPARTNAME,SPAREPARTPRICE,REPAIR_ID) values (960,'screen',70,null);
Insert into EREPAIR.SPAREPART_LIST (SPAREPART_ID,SPAREPARTNAME,SPAREPARTPRICE,REPAIR_ID) values (961,'homebutton',60,null);
Insert into EREPAIR.SPAREPART_LIST (SPAREPART_ID,SPAREPARTNAME,SPAREPARTPRICE,REPAIR_ID) values (962,'chargingport',70,null);
Insert into EREPAIR.SPAREPART_LIST (SPAREPART_ID,SPAREPARTNAME,SPAREPARTPRICE,REPAIR_ID) values (963,'battery',75,null);
Insert into EREPAIR.SPAREPART_LIST (SPAREPART_ID,SPAREPARTNAME,SPAREPARTPRICE,REPAIR_ID) values (964,'screen',70,null);
Insert into EREPAIR.SPAREPART_LIST (SPAREPART_ID,SPAREPARTNAME,SPAREPARTPRICE,REPAIR_ID) values (965,'homebutton',60,null);
Insert into EREPAIR.SPAREPART_LIST (SPAREPART_ID,SPAREPARTNAME,SPAREPARTPRICE,REPAIR_ID) values (966,'chargingport',70,null);
Insert into EREPAIR.SPAREPART_LIST (SPAREPART_ID,SPAREPARTNAME,SPAREPARTPRICE,REPAIR_ID) values (967,'battery',75,null);
Insert into EREPAIR.SPAREPART_LIST (SPAREPART_ID,SPAREPARTNAME,SPAREPARTPRICE,REPAIR_ID) values (968,'screen',70,null);
Insert into EREPAIR.SPAREPART_LIST (SPAREPART_ID,SPAREPARTNAME,SPAREPARTPRICE,REPAIR_ID) values (969,'homebutton',60,null);
Insert into EREPAIR.SPAREPART_LIST (SPAREPART_ID,SPAREPARTNAME,SPAREPARTPRICE,REPAIR_ID) values (970,'chargingport',70,null);
Insert into EREPAIR.SPAREPART_LIST (SPAREPART_ID,SPAREPARTNAME,SPAREPARTPRICE,REPAIR_ID) values (971,'battery',75,null);
Insert into EREPAIR.SPAREPART_LIST (SPAREPART_ID,SPAREPARTNAME,SPAREPARTPRICE,REPAIR_ID) values (972,'screen',70,null);
Insert into EREPAIR.SPAREPART_LIST (SPAREPART_ID,SPAREPARTNAME,SPAREPARTPRICE,REPAIR_ID) values (973,'homebutton',60,null);
Insert into EREPAIR.SPAREPART_LIST (SPAREPART_ID,SPAREPARTNAME,SPAREPARTPRICE,REPAIR_ID) values (974,'chargingport',70,null);
Insert into EREPAIR.SPAREPART_LIST (SPAREPART_ID,SPAREPARTNAME,SPAREPARTPRICE,REPAIR_ID) values (975,'battery',75,null);
Insert into EREPAIR.SPAREPART_LIST (SPAREPART_ID,SPAREPARTNAME,SPAREPARTPRICE,REPAIR_ID) values (976,'screen',70,null);
Insert into EREPAIR.SPAREPART_LIST (SPAREPART_ID,SPAREPARTNAME,SPAREPARTPRICE,REPAIR_ID) values (977,'homebutton',60,null);
Insert into EREPAIR.SPAREPART_LIST (SPAREPART_ID,SPAREPARTNAME,SPAREPARTPRICE,REPAIR_ID) values (978,'chargingport',70,null);
Insert into EREPAIR.SPAREPART_LIST (SPAREPART_ID,SPAREPARTNAME,SPAREPARTPRICE,REPAIR_ID) values (979,'battery',75,null);
Insert into EREPAIR.SPAREPART_LIST (SPAREPART_ID,SPAREPARTNAME,SPAREPARTPRICE,REPAIR_ID) values (980,'screen',70,null);
Insert into EREPAIR.SPAREPART_LIST (SPAREPART_ID,SPAREPARTNAME,SPAREPARTPRICE,REPAIR_ID) values (981,'homebutton',60,null);
Insert into EREPAIR.SPAREPART_LIST (SPAREPART_ID,SPAREPARTNAME,SPAREPARTPRICE,REPAIR_ID) values (982,'chargingport',70,null);
Insert into EREPAIR.SPAREPART_LIST (SPAREPART_ID,SPAREPARTNAME,SPAREPARTPRICE,REPAIR_ID) values (983,'battery',75,null);
Insert into EREPAIR.SPAREPART_LIST (SPAREPART_ID,SPAREPARTNAME,SPAREPARTPRICE,REPAIR_ID) values (984,'screen',70,null);
Insert into EREPAIR.SPAREPART_LIST (SPAREPART_ID,SPAREPARTNAME,SPAREPARTPRICE,REPAIR_ID) values (985,'homebutton',60,null);
Insert into EREPAIR.SPAREPART_LIST (SPAREPART_ID,SPAREPARTNAME,SPAREPARTPRICE,REPAIR_ID) values (986,'chargingport',70,null);
Insert into EREPAIR.SPAREPART_LIST (SPAREPART_ID,SPAREPARTNAME,SPAREPARTPRICE,REPAIR_ID) values (987,'battery',75,null);
Insert into EREPAIR.SPAREPART_LIST (SPAREPART_ID,SPAREPARTNAME,SPAREPARTPRICE,REPAIR_ID) values (988,'screen',70,null);
Insert into EREPAIR.SPAREPART_LIST (SPAREPART_ID,SPAREPARTNAME,SPAREPARTPRICE,REPAIR_ID) values (989,'homebutton',60,null);
Insert into EREPAIR.SPAREPART_LIST (SPAREPART_ID,SPAREPARTNAME,SPAREPARTPRICE,REPAIR_ID) values (990,'chargingport',70,null);
Insert into EREPAIR.SPAREPART_LIST (SPAREPART_ID,SPAREPARTNAME,SPAREPARTPRICE,REPAIR_ID) values (991,'battery',75,null);
Insert into EREPAIR.SPAREPART_LIST (SPAREPART_ID,SPAREPARTNAME,SPAREPARTPRICE,REPAIR_ID) values (992,'screen',70,null);
Insert into EREPAIR.SPAREPART_LIST (SPAREPART_ID,SPAREPARTNAME,SPAREPARTPRICE,REPAIR_ID) values (993,'homebutton',60,null);
Insert into EREPAIR.SPAREPART_LIST (SPAREPART_ID,SPAREPARTNAME,SPAREPARTPRICE,REPAIR_ID) values (994,'chargingport',70,null);
Insert into EREPAIR.SPAREPART_LIST (SPAREPART_ID,SPAREPARTNAME,SPAREPARTPRICE,REPAIR_ID) values (995,'battery',75,null);
Insert into EREPAIR.SPAREPART_LIST (SPAREPART_ID,SPAREPARTNAME,SPAREPARTPRICE,REPAIR_ID) values (996,'screen',70,null);
Insert into EREPAIR.SPAREPART_LIST (SPAREPART_ID,SPAREPARTNAME,SPAREPARTPRICE,REPAIR_ID) values (997,'homebutton',60,null);
Insert into EREPAIR.SPAREPART_LIST (SPAREPART_ID,SPAREPARTNAME,SPAREPARTPRICE,REPAIR_ID) values (998,'chargingport',70,null);
Insert into EREPAIR.SPAREPART_LIST (SPAREPART_ID,SPAREPARTNAME,SPAREPARTPRICE,REPAIR_ID) values (999,'battery',75,null);
Insert into EREPAIR.SPAREPART_LIST (SPAREPART_ID,SPAREPARTNAME,SPAREPARTPRICE,REPAIR_ID) values (1000,'screen',70,null);
Insert into EREPAIR.SPAREPART_LIST (SPAREPART_ID,SPAREPARTNAME,SPAREPARTPRICE,REPAIR_ID) values (1001,'homebutton',60,null);
Insert into EREPAIR.SPAREPART_LIST (SPAREPART_ID,SPAREPARTNAME,SPAREPARTPRICE,REPAIR_ID) values (1002,'chargingport',70,null);
Insert into EREPAIR.SPAREPART_LIST (SPAREPART_ID,SPAREPARTNAME,SPAREPARTPRICE,REPAIR_ID) values (1003,'battery',75,null);
Insert into EREPAIR.SPAREPART_LIST (SPAREPART_ID,SPAREPARTNAME,SPAREPARTPRICE,REPAIR_ID) values (1004,'screen',70,null);
Insert into EREPAIR.SPAREPART_LIST (SPAREPART_ID,SPAREPARTNAME,SPAREPARTPRICE,REPAIR_ID) values (1005,'homebutton',60,null);
Insert into EREPAIR.SPAREPART_LIST (SPAREPART_ID,SPAREPARTNAME,SPAREPARTPRICE,REPAIR_ID) values (1006,'chargingport',70,null);
Insert into EREPAIR.SPAREPART_LIST (SPAREPART_ID,SPAREPARTNAME,SPAREPARTPRICE,REPAIR_ID) values (1007,'battery',75,null);
Insert into EREPAIR.SPAREPART_LIST (SPAREPART_ID,SPAREPARTNAME,SPAREPARTPRICE,REPAIR_ID) values (1008,'screen',70,null);
Insert into EREPAIR.SPAREPART_LIST (SPAREPART_ID,SPAREPARTNAME,SPAREPARTPRICE,REPAIR_ID) values (1009,'homebutton',60,null);
Insert into EREPAIR.SPAREPART_LIST (SPAREPART_ID,SPAREPARTNAME,SPAREPARTPRICE,REPAIR_ID) values (1010,'chargingport',70,null);
Insert into EREPAIR.SPAREPART_LIST (SPAREPART_ID,SPAREPARTNAME,SPAREPARTPRICE,REPAIR_ID) values (1011,'battery',75,null);
Insert into EREPAIR.SPAREPART_LIST (SPAREPART_ID,SPAREPARTNAME,SPAREPARTPRICE,REPAIR_ID) values (1012,'screen',70,null);
Insert into EREPAIR.SPAREPART_LIST (SPAREPART_ID,SPAREPARTNAME,SPAREPARTPRICE,REPAIR_ID) values (1013,'homebutton',60,null);
Insert into EREPAIR.SPAREPART_LIST (SPAREPART_ID,SPAREPARTNAME,SPAREPARTPRICE,REPAIR_ID) values (1014,'chargingport',70,null);
Insert into EREPAIR.SPAREPART_LIST (SPAREPART_ID,SPAREPARTNAME,SPAREPARTPRICE,REPAIR_ID) values (1015,'battery',75,null);
Insert into EREPAIR.SPAREPART_LIST (SPAREPART_ID,SPAREPARTNAME,SPAREPARTPRICE,REPAIR_ID) values (1016,'screen',70,null);
Insert into EREPAIR.SPAREPART_LIST (SPAREPART_ID,SPAREPARTNAME,SPAREPARTPRICE,REPAIR_ID) values (1017,'homebutton',60,null);
Insert into EREPAIR.SPAREPART_LIST (SPAREPART_ID,SPAREPARTNAME,SPAREPARTPRICE,REPAIR_ID) values (1018,'chargingport',70,null);
Insert into EREPAIR.SPAREPART_LIST (SPAREPART_ID,SPAREPARTNAME,SPAREPARTPRICE,REPAIR_ID) values (1019,'battery',75,null);
Insert into EREPAIR.SPAREPART_LIST (SPAREPART_ID,SPAREPARTNAME,SPAREPARTPRICE,REPAIR_ID) values (1020,'screen',70,null);
Insert into EREPAIR.SPAREPART_LIST (SPAREPART_ID,SPAREPARTNAME,SPAREPARTPRICE,REPAIR_ID) values (1021,'homebutton',60,null);
Insert into EREPAIR.SPAREPART_LIST (SPAREPART_ID,SPAREPARTNAME,SPAREPARTPRICE,REPAIR_ID) values (1022,'chargingport',70,null);
Insert into EREPAIR.SPAREPART_LIST (SPAREPART_ID,SPAREPARTNAME,SPAREPARTPRICE,REPAIR_ID) values (1023,'battery',75,null);
Insert into EREPAIR.SPAREPART_LIST (SPAREPART_ID,SPAREPARTNAME,SPAREPARTPRICE,REPAIR_ID) values (1024,'screen',70,null);
Insert into EREPAIR.SPAREPART_LIST (SPAREPART_ID,SPAREPARTNAME,SPAREPARTPRICE,REPAIR_ID) values (1025,'homebutton',60,null);
Insert into EREPAIR.SPAREPART_LIST (SPAREPART_ID,SPAREPARTNAME,SPAREPARTPRICE,REPAIR_ID) values (1026,'chargingport',70,null);
Insert into EREPAIR.SPAREPART_LIST (SPAREPART_ID,SPAREPARTNAME,SPAREPARTPRICE,REPAIR_ID) values (1027,'battery',75,null);
Insert into EREPAIR.SPAREPART_LIST (SPAREPART_ID,SPAREPARTNAME,SPAREPARTPRICE,REPAIR_ID) values (1028,'screen',70,null);
Insert into EREPAIR.SPAREPART_LIST (SPAREPART_ID,SPAREPARTNAME,SPAREPARTPRICE,REPAIR_ID) values (1029,'homebutton',60,null);
Insert into EREPAIR.SPAREPART_LIST (SPAREPART_ID,SPAREPARTNAME,SPAREPARTPRICE,REPAIR_ID) values (1030,'chargingport',70,null);
Insert into EREPAIR.SPAREPART_LIST (SPAREPART_ID,SPAREPARTNAME,SPAREPARTPRICE,REPAIR_ID) values (1031,'battery',75,null);
Insert into EREPAIR.SPAREPART_LIST (SPAREPART_ID,SPAREPARTNAME,SPAREPARTPRICE,REPAIR_ID) values (1032,'screen',70,null);
Insert into EREPAIR.SPAREPART_LIST (SPAREPART_ID,SPAREPARTNAME,SPAREPARTPRICE,REPAIR_ID) values (1033,'homebutton',60,null);
Insert into EREPAIR.SPAREPART_LIST (SPAREPART_ID,SPAREPARTNAME,SPAREPARTPRICE,REPAIR_ID) values (1034,'chargingport',70,null);
Insert into EREPAIR.SPAREPART_LIST (SPAREPART_ID,SPAREPARTNAME,SPAREPARTPRICE,REPAIR_ID) values (1035,'battery',75,null);
Insert into EREPAIR.SPAREPART_LIST (SPAREPART_ID,SPAREPARTNAME,SPAREPARTPRICE,REPAIR_ID) values (1036,'screen',70,null);
Insert into EREPAIR.SPAREPART_LIST (SPAREPART_ID,SPAREPARTNAME,SPAREPARTPRICE,REPAIR_ID) values (1037,'homebutton',60,null);
Insert into EREPAIR.SPAREPART_LIST (SPAREPART_ID,SPAREPARTNAME,SPAREPARTPRICE,REPAIR_ID) values (1038,'chargingport',70,null);
Insert into EREPAIR.SPAREPART_LIST (SPAREPART_ID,SPAREPARTNAME,SPAREPARTPRICE,REPAIR_ID) values (1039,'battery',75,null);
Insert into EREPAIR.SPAREPART_LIST (SPAREPART_ID,SPAREPARTNAME,SPAREPARTPRICE,REPAIR_ID) values (1040,'screen',70,null);
Insert into EREPAIR.SPAREPART_LIST (SPAREPART_ID,SPAREPARTNAME,SPAREPARTPRICE,REPAIR_ID) values (1041,'homebutton',60,null);
Insert into EREPAIR.SPAREPART_LIST (SPAREPART_ID,SPAREPARTNAME,SPAREPARTPRICE,REPAIR_ID) values (1042,'chargingport',70,null);
Insert into EREPAIR.SPAREPART_LIST (SPAREPART_ID,SPAREPARTNAME,SPAREPARTPRICE,REPAIR_ID) values (1043,'battery',75,null);
Insert into EREPAIR.SPAREPART_LIST (SPAREPART_ID,SPAREPARTNAME,SPAREPARTPRICE,REPAIR_ID) values (1044,'screen',70,null);
Insert into EREPAIR.SPAREPART_LIST (SPAREPART_ID,SPAREPARTNAME,SPAREPARTPRICE,REPAIR_ID) values (1045,'homebutton',60,null);
Insert into EREPAIR.SPAREPART_LIST (SPAREPART_ID,SPAREPARTNAME,SPAREPARTPRICE,REPAIR_ID) values (1046,'chargingport',70,null);
Insert into EREPAIR.SPAREPART_LIST (SPAREPART_ID,SPAREPARTNAME,SPAREPARTPRICE,REPAIR_ID) values (1047,'battery',75,null);
Insert into EREPAIR.SPAREPART_LIST (SPAREPART_ID,SPAREPARTNAME,SPAREPARTPRICE,REPAIR_ID) values (1048,'screen',70,null);
Insert into EREPAIR.SPAREPART_LIST (SPAREPART_ID,SPAREPARTNAME,SPAREPARTPRICE,REPAIR_ID) values (1049,'homebutton',60,null);
Insert into EREPAIR.SPAREPART_LIST (SPAREPART_ID,SPAREPARTNAME,SPAREPARTPRICE,REPAIR_ID) values (1050,'chargingport',70,null);
Insert into EREPAIR.SPAREPART_LIST (SPAREPART_ID,SPAREPARTNAME,SPAREPARTPRICE,REPAIR_ID) values (1051,'battery',75,null);
Insert into EREPAIR.SPAREPART_LIST (SPAREPART_ID,SPAREPARTNAME,SPAREPARTPRICE,REPAIR_ID) values (1052,'screen',70,null);
Insert into EREPAIR.SPAREPART_LIST (SPAREPART_ID,SPAREPARTNAME,SPAREPARTPRICE,REPAIR_ID) values (1053,'homebutton',60,null);
Insert into EREPAIR.SPAREPART_LIST (SPAREPART_ID,SPAREPARTNAME,SPAREPARTPRICE,REPAIR_ID) values (1054,'chargingport',70,null);
Insert into EREPAIR.SPAREPART_LIST (SPAREPART_ID,SPAREPARTNAME,SPAREPARTPRICE,REPAIR_ID) values (1055,'battery',75,null);
Insert into EREPAIR.SPAREPART_LIST (SPAREPART_ID,SPAREPARTNAME,SPAREPARTPRICE,REPAIR_ID) values (1056,'screen',70,null);
Insert into EREPAIR.SPAREPART_LIST (SPAREPART_ID,SPAREPARTNAME,SPAREPARTPRICE,REPAIR_ID) values (1057,'homebutton',60,null);
Insert into EREPAIR.SPAREPART_LIST (SPAREPART_ID,SPAREPARTNAME,SPAREPARTPRICE,REPAIR_ID) values (1058,'chargingport',70,null);
Insert into EREPAIR.SPAREPART_LIST (SPAREPART_ID,SPAREPARTNAME,SPAREPARTPRICE,REPAIR_ID) values (1059,'battery',75,null);
Insert into EREPAIR.SPAREPART_LIST (SPAREPART_ID,SPAREPARTNAME,SPAREPARTPRICE,REPAIR_ID) values (1060,'screen',70,null);
Insert into EREPAIR.SPAREPART_LIST (SPAREPART_ID,SPAREPARTNAME,SPAREPARTPRICE,REPAIR_ID) values (1061,'homebutton',60,null);
Insert into EREPAIR.SPAREPART_LIST (SPAREPART_ID,SPAREPARTNAME,SPAREPARTPRICE,REPAIR_ID) values (1062,'chargingport',70,null);
Insert into EREPAIR.SPAREPART_LIST (SPAREPART_ID,SPAREPARTNAME,SPAREPARTPRICE,REPAIR_ID) values (1063,'battery',75,null);
Insert into EREPAIR.SPAREPART_LIST (SPAREPART_ID,SPAREPARTNAME,SPAREPARTPRICE,REPAIR_ID) values (1064,'screen',70,null);
Insert into EREPAIR.SPAREPART_LIST (SPAREPART_ID,SPAREPARTNAME,SPAREPARTPRICE,REPAIR_ID) values (1065,'homebutton',60,null);
Insert into EREPAIR.SPAREPART_LIST (SPAREPART_ID,SPAREPARTNAME,SPAREPARTPRICE,REPAIR_ID) values (1066,'chargingport',70,null);
Insert into EREPAIR.SPAREPART_LIST (SPAREPART_ID,SPAREPARTNAME,SPAREPARTPRICE,REPAIR_ID) values (1067,'battery',75,null);
Insert into EREPAIR.SPAREPART_LIST (SPAREPART_ID,SPAREPARTNAME,SPAREPARTPRICE,REPAIR_ID) values (1068,'screen',70,null);
Insert into EREPAIR.SPAREPART_LIST (SPAREPART_ID,SPAREPARTNAME,SPAREPARTPRICE,REPAIR_ID) values (1069,'homebutton',60,null);
Insert into EREPAIR.SPAREPART_LIST (SPAREPART_ID,SPAREPARTNAME,SPAREPARTPRICE,REPAIR_ID) values (1070,'chargingport',70,null);
Insert into EREPAIR.SPAREPART_LIST (SPAREPART_ID,SPAREPARTNAME,SPAREPARTPRICE,REPAIR_ID) values (1071,'battery',75,null);
Insert into EREPAIR.SPAREPART_LIST (SPAREPART_ID,SPAREPARTNAME,SPAREPARTPRICE,REPAIR_ID) values (1072,'screen',70,null);
Insert into EREPAIR.SPAREPART_LIST (SPAREPART_ID,SPAREPARTNAME,SPAREPARTPRICE,REPAIR_ID) values (1073,'homebutton',60,null);
Insert into EREPAIR.SPAREPART_LIST (SPAREPART_ID,SPAREPARTNAME,SPAREPARTPRICE,REPAIR_ID) values (1074,'chargingport',70,null);
Insert into EREPAIR.SPAREPART_LIST (SPAREPART_ID,SPAREPARTNAME,SPAREPARTPRICE,REPAIR_ID) values (1075,'battery',75,null);
Insert into EREPAIR.SPAREPART_LIST (SPAREPART_ID,SPAREPARTNAME,SPAREPARTPRICE,REPAIR_ID) values (1076,'screen',70,null);
Insert into EREPAIR.SPAREPART_LIST (SPAREPART_ID,SPAREPARTNAME,SPAREPARTPRICE,REPAIR_ID) values (1077,'homebutton',60,null);
Insert into EREPAIR.SPAREPART_LIST (SPAREPART_ID,SPAREPARTNAME,SPAREPARTPRICE,REPAIR_ID) values (1078,'chargingport',70,null);
Insert into EREPAIR.SPAREPART_LIST (SPAREPART_ID,SPAREPARTNAME,SPAREPARTPRICE,REPAIR_ID) values (1079,'battery',75,null);
Insert into EREPAIR.SPAREPART_LIST (SPAREPART_ID,SPAREPARTNAME,SPAREPARTPRICE,REPAIR_ID) values (1080,'screen',70,null);
Insert into EREPAIR.SPAREPART_LIST (SPAREPART_ID,SPAREPARTNAME,SPAREPARTPRICE,REPAIR_ID) values (1081,'homebutton',60,null);
Insert into EREPAIR.SPAREPART_LIST (SPAREPART_ID,SPAREPARTNAME,SPAREPARTPRICE,REPAIR_ID) values (1082,'chargingport',70,null);
Insert into EREPAIR.SPAREPART_LIST (SPAREPART_ID,SPAREPARTNAME,SPAREPARTPRICE,REPAIR_ID) values (1083,'battery',75,null);
Insert into EREPAIR.SPAREPART_LIST (SPAREPART_ID,SPAREPARTNAME,SPAREPARTPRICE,REPAIR_ID) values (1084,'screen',70,null);
Insert into EREPAIR.SPAREPART_LIST (SPAREPART_ID,SPAREPARTNAME,SPAREPARTPRICE,REPAIR_ID) values (1085,'homebutton',60,null);
Insert into EREPAIR.SPAREPART_LIST (SPAREPART_ID,SPAREPARTNAME,SPAREPARTPRICE,REPAIR_ID) values (1086,'chargingport',70,null);
Insert into EREPAIR.SPAREPART_LIST (SPAREPART_ID,SPAREPARTNAME,SPAREPARTPRICE,REPAIR_ID) values (1087,'battery',75,null);
Insert into EREPAIR.SPAREPART_LIST (SPAREPART_ID,SPAREPARTNAME,SPAREPARTPRICE,REPAIR_ID) values (1088,'screen',70,null);
Insert into EREPAIR.SPAREPART_LIST (SPAREPART_ID,SPAREPARTNAME,SPAREPARTPRICE,REPAIR_ID) values (1089,'homebutton',60,null);
Insert into EREPAIR.SPAREPART_LIST (SPAREPART_ID,SPAREPARTNAME,SPAREPARTPRICE,REPAIR_ID) values (1090,'chargingport',70,null);
Insert into EREPAIR.SPAREPART_LIST (SPAREPART_ID,SPAREPARTNAME,SPAREPARTPRICE,REPAIR_ID) values (1091,'battery',75,null);
Insert into EREPAIR.SPAREPART_LIST (SPAREPART_ID,SPAREPARTNAME,SPAREPARTPRICE,REPAIR_ID) values (1092,'screen',70,null);
Insert into EREPAIR.SPAREPART_LIST (SPAREPART_ID,SPAREPARTNAME,SPAREPARTPRICE,REPAIR_ID) values (1093,'homebutton',60,null);
Insert into EREPAIR.SPAREPART_LIST (SPAREPART_ID,SPAREPARTNAME,SPAREPARTPRICE,REPAIR_ID) values (1094,'chargingport',70,null);
Insert into EREPAIR.SPAREPART_LIST (SPAREPART_ID,SPAREPARTNAME,SPAREPARTPRICE,REPAIR_ID) values (1095,'battery',75,null);
Insert into EREPAIR.SPAREPART_LIST (SPAREPART_ID,SPAREPARTNAME,SPAREPARTPRICE,REPAIR_ID) values (1096,'screen',70,null);
Insert into EREPAIR.SPAREPART_LIST (SPAREPART_ID,SPAREPARTNAME,SPAREPARTPRICE,REPAIR_ID) values (1097,'homebutton',60,null);
Insert into EREPAIR.SPAREPART_LIST (SPAREPART_ID,SPAREPARTNAME,SPAREPARTPRICE,REPAIR_ID) values (1098,'chargingport',70,null);
Insert into EREPAIR.SPAREPART_LIST (SPAREPART_ID,SPAREPARTNAME,SPAREPARTPRICE,REPAIR_ID) values (1099,'battery',75,null);
REM INSERTING into EREPAIR.STAFF
SET DEFINE OFF;
Insert into EREPAIR.STAFF (STAFF_ID,STAFF_NAME,PASSWORD,ROLE) values (6001,'Sharmizan','a906449d5769fa7361d7ecc6aa3f6d28','technician');
Insert into EREPAIR.STAFF (STAFF_ID,STAFF_NAME,PASSWORD,ROLE) values (5001,'Firdaus','e99a18c428cb38d5f260853678922e03','staff');
REM INSERTING into EREPAIR.STATUS
SET DEFINE OFF;
Insert into EREPAIR.STATUS (STATUS_ID,SERVICESTATUS,LASTSTATUSUPDATE,REPAIR_ID) values (302,'Completed','2019-01-18',200);
Insert into EREPAIR.STATUS (STATUS_ID,SERVICESTATUS,LASTSTATUSUPDATE,REPAIR_ID) values (303,'Pending','2019-01-18',202);
Insert into EREPAIR.STATUS (STATUS_ID,SERVICESTATUS,LASTSTATUSUPDATE,REPAIR_ID) values (304,'In Progress','2019-01-18',201);
Insert into EREPAIR.STATUS (STATUS_ID,SERVICESTATUS,LASTSTATUSUPDATE,REPAIR_ID) values (305,'Pending','2019-01-11',203);
Insert into EREPAIR.STATUS (STATUS_ID,SERVICESTATUS,LASTSTATUSUPDATE,REPAIR_ID) values (306,'Pending','2019-01-18',204);
Insert into EREPAIR.STATUS (STATUS_ID,SERVICESTATUS,LASTSTATUSUPDATE,REPAIR_ID) values (307,'Pending','2019-01-18',205);
Insert into EREPAIR.STATUS (STATUS_ID,SERVICESTATUS,LASTSTATUSUPDATE,REPAIR_ID) values (308,'Pending','2019-01-18',206);
Insert into EREPAIR.STATUS (STATUS_ID,SERVICESTATUS,LASTSTATUSUPDATE,REPAIR_ID) values (309,'Pending','2019-01-18',207);
Insert into EREPAIR.STATUS (STATUS_ID,SERVICESTATUS,LASTSTATUSUPDATE,REPAIR_ID) values (310,'Completed','2019-01-18',206);
Insert into EREPAIR.STATUS (STATUS_ID,SERVICESTATUS,LASTSTATUSUPDATE,REPAIR_ID) values (311,'Completed','2019-01-18',206);
Insert into EREPAIR.STATUS (STATUS_ID,SERVICESTATUS,LASTSTATUSUPDATE,REPAIR_ID) values (312,'Pending','2019-01-18',208);
Insert into EREPAIR.STATUS (STATUS_ID,SERVICESTATUS,LASTSTATUSUPDATE,REPAIR_ID) values (313,'Pending','2019-03-18',209);
Insert into EREPAIR.STATUS (STATUS_ID,SERVICESTATUS,LASTSTATUSUPDATE,REPAIR_ID) values (300,'Pending','2019-01-04',200);
Insert into EREPAIR.STATUS (STATUS_ID,SERVICESTATUS,LASTSTATUSUPDATE,REPAIR_ID) values (301,'Pending','2019-01-05',201);
--------------------------------------------------------
--  Constraints for Table STAFF
--------------------------------------------------------

  ALTER TABLE "EREPAIR"."STAFF" ADD PRIMARY KEY ("STAFF_ID")
  USING INDEX PCTFREE 10 INITRANS 2 MAXTRANS 255 COMPUTE STATISTICS 
  STORAGE(INITIAL 65536 NEXT 1048576 MINEXTENTS 1 MAXEXTENTS 2147483645
  PCTINCREASE 0 FREELISTS 1 FREELIST GROUPS 1 BUFFER_POOL DEFAULT FLASH_CACHE DEFAULT CELL_FLASH_CACHE DEFAULT)
  TABLESPACE "SYSTEM"  ENABLE;
--------------------------------------------------------
--  Constraints for Table DEVICE
--------------------------------------------------------

  ALTER TABLE "EREPAIR"."DEVICE" ADD PRIMARY KEY ("DEVICE_ID")
  USING INDEX PCTFREE 10 INITRANS 2 MAXTRANS 255 COMPUTE STATISTICS 
  STORAGE(INITIAL 65536 NEXT 1048576 MINEXTENTS 1 MAXEXTENTS 2147483645
  PCTINCREASE 0 FREELISTS 1 FREELIST GROUPS 1 BUFFER_POOL DEFAULT FLASH_CACHE DEFAULT CELL_FLASH_CACHE DEFAULT)
  TABLESPACE "SYSTEM"  ENABLE;
--------------------------------------------------------
--  Constraints for Table STATUS
--------------------------------------------------------

  ALTER TABLE "EREPAIR"."STATUS" ADD PRIMARY KEY ("STATUS_ID")
  USING INDEX PCTFREE 10 INITRANS 2 MAXTRANS 255 COMPUTE STATISTICS 
  STORAGE(INITIAL 65536 NEXT 1048576 MINEXTENTS 1 MAXEXTENTS 2147483645
  PCTINCREASE 0 FREELISTS 1 FREELIST GROUPS 1 BUFFER_POOL DEFAULT FLASH_CACHE DEFAULT CELL_FLASH_CACHE DEFAULT)
  TABLESPACE "SYSTEM"  ENABLE;
--------------------------------------------------------
--  Constraints for Table SERVICE_REPAIR
--------------------------------------------------------

  ALTER TABLE "EREPAIR"."SERVICE_REPAIR" ADD PRIMARY KEY ("REPAIR_ID")
  USING INDEX PCTFREE 10 INITRANS 2 MAXTRANS 255 COMPUTE STATISTICS 
  STORAGE(INITIAL 65536 NEXT 1048576 MINEXTENTS 1 MAXEXTENTS 2147483645
  PCTINCREASE 0 FREELISTS 1 FREELIST GROUPS 1 BUFFER_POOL DEFAULT FLASH_CACHE DEFAULT CELL_FLASH_CACHE DEFAULT)
  TABLESPACE "SYSTEM"  ENABLE;
--------------------------------------------------------
--  Constraints for Table SPAREPART_LIST
--------------------------------------------------------

  ALTER TABLE "EREPAIR"."SPAREPART_LIST" ADD PRIMARY KEY ("SPAREPART_ID")
  USING INDEX PCTFREE 10 INITRANS 2 MAXTRANS 255 COMPUTE STATISTICS 
  STORAGE(INITIAL 65536 NEXT 1048576 MINEXTENTS 1 MAXEXTENTS 2147483645
  PCTINCREASE 0 FREELISTS 1 FREELIST GROUPS 1 BUFFER_POOL DEFAULT FLASH_CACHE DEFAULT CELL_FLASH_CACHE DEFAULT)
  TABLESPACE "SYSTEM"  ENABLE;
--------------------------------------------------------
--  Constraints for Table CUSTOMER
--------------------------------------------------------

  ALTER TABLE "EREPAIR"."CUSTOMER" ADD PRIMARY KEY ("CUSTOMER_IC")
  USING INDEX PCTFREE 10 INITRANS 2 MAXTRANS 255 COMPUTE STATISTICS 
  STORAGE(INITIAL 65536 NEXT 1048576 MINEXTENTS 1 MAXEXTENTS 2147483645
  PCTINCREASE 0 FREELISTS 1 FREELIST GROUPS 1 BUFFER_POOL DEFAULT FLASH_CACHE DEFAULT CELL_FLASH_CACHE DEFAULT)
  TABLESPACE "SYSTEM"  ENABLE;
--------------------------------------------------------
--  Constraints for Table SERVICE_LIST
--------------------------------------------------------

  ALTER TABLE "EREPAIR"."SERVICE_LIST" ADD PRIMARY KEY ("SERVICE_ID")
  USING INDEX PCTFREE 10 INITRANS 2 MAXTRANS 255 COMPUTE STATISTICS 
  STORAGE(INITIAL 65536 NEXT 1048576 MINEXTENTS 1 MAXEXTENTS 2147483645
  PCTINCREASE 0 FREELISTS 1 FREELIST GROUPS 1 BUFFER_POOL DEFAULT FLASH_CACHE DEFAULT CELL_FLASH_CACHE DEFAULT)
  TABLESPACE "SYSTEM"  ENABLE;
--------------------------------------------------------
--  Ref Constraints for Table SERVICE
--------------------------------------------------------

  ALTER TABLE "EREPAIR"."SERVICE" ADD FOREIGN KEY ("SERVICE_ID")
	  REFERENCES "EREPAIR"."SERVICE_LIST" ("SERVICE_ID") ENABLE;
  ALTER TABLE "EREPAIR"."SERVICE" ADD FOREIGN KEY ("REPAIR_ID")
	  REFERENCES "EREPAIR"."SERVICE_REPAIR" ("REPAIR_ID") ENABLE;
--------------------------------------------------------
--  Ref Constraints for Table SERVICE_REPAIR
--------------------------------------------------------

  ALTER TABLE "EREPAIR"."SERVICE_REPAIR" ADD FOREIGN KEY ("CUSTOMER_IC")
	  REFERENCES "EREPAIR"."CUSTOMER" ("CUSTOMER_IC") ENABLE;
  ALTER TABLE "EREPAIR"."SERVICE_REPAIR" ADD FOREIGN KEY ("DEVICE_ID")
	  REFERENCES "EREPAIR"."DEVICE" ("DEVICE_ID") ENABLE;
  ALTER TABLE "EREPAIR"."SERVICE_REPAIR" ADD FOREIGN KEY ("FRONTDESK_ID")
	  REFERENCES "EREPAIR"."STAFF" ("STAFF_ID") ENABLE;
  ALTER TABLE "EREPAIR"."SERVICE_REPAIR" ADD FOREIGN KEY ("TECH_ID")
	  REFERENCES "EREPAIR"."STAFF" ("STAFF_ID") ENABLE;
--------------------------------------------------------
--  Ref Constraints for Table SPAREPART_LIST
--------------------------------------------------------

  ALTER TABLE "EREPAIR"."SPAREPART_LIST" ADD FOREIGN KEY ("REPAIR_ID")
	  REFERENCES "EREPAIR"."SERVICE_REPAIR" ("REPAIR_ID") ENABLE;
--------------------------------------------------------
--  Ref Constraints for Table STATUS
--------------------------------------------------------

  ALTER TABLE "EREPAIR"."STATUS" ADD FOREIGN KEY ("REPAIR_ID")
	  REFERENCES "EREPAIR"."SERVICE_REPAIR" ("REPAIR_ID") ENABLE;
